batch_size,duration_seconds,nodes_per_second,success_count,error_count
100,0.2239818572998047,446.46473248120174,100,0
500,0.3159365653991699,1582.596175179265,500,0
1000,0.3565239906311035,2804.8603355691234,1000,0
2000,0.7711524963378906,2593.520749135556,2000,0
