{
  "initialization": {
    "eager_init": [
      2.9663615226745605,
      1.5276780128479004,
      2.982450485229492,
      3.708287239074707,
      3.5917017459869385
    ],
    "lazy_init": [
      3.8535969257354736,
      4.37227201461792,
      4.780745267868042,
      1.6755924224853516,
      2.2657904624938965
    ],
    "lazy_with_preload": [
      2.801447629928589,
      1.668720006942749,
      2.3308026790618896,
      2.9888479709625244,
      2.8458807468414307
    ],
    "with_warmup": [
      2.032299041748047,
      5.337386846542358,
      5.57371711730957,
      2.6960067749023438,
      2.1809661388397217
    ]
  },
  "operations": {
    "health_check_uncached": 0.0700440263748169,
    "health_check_cached": 0.0007257604598999023,
    "get_adapter": 4.696846008300781e-07
  }
}